{"cameraMode":{"drawMode":0,"name":"Shaded","section":"Shading Mode"},"sceneLighting":false,"audioPlay":false,"sceneViewState":{"showFog":true,"showMaterialUpdate":false,"showSkybox":false,"showFlares":true,"showImageEffects":true,"showParticleSystems":true,"showVisualEffectGraphs":true,"m_FxEnabled":true},"in2DMode":false,"pivot":{"x":-0.5068182945251465,"y":-3.3781256675720217,"z":0.8570442199707031},"rotation":{"x":0.003576226532459259,"y":0.6807635426521301,"z":-0.7329825758934021,"w":0.005028960295021534},"size":6.122054100036621,"orthographic":false}