{"cameraMode":{"drawMode":0,"name":"Shaded","section":"Shading Mode"},"sceneLighting":false,"audioPlay":false,"sceneViewState":{"showFog":true,"showMaterialUpdate":false,"showSkybox":false,"showFlares":true,"showImageEffects":true,"showParticleSystems":true,"showVisualEffectGraphs":true,"m_FxEnabled":true},"in2DMode":false,"pivot":{"x":14.096450805664063,"y":-6.513308048248291,"z":1.185699462890625},"rotation":{"x":-0.02283376082777977,"y":0.012082434259355069,"z":0.0012027481570839882,"w":-1.0000859498977662},"size":46.29861831665039,"orthographic":false}