{"cameraMode":{"drawMode":0,"name":"Shaded","section":"Shading Mode"},"sceneLighting":false,"audioPlay":false,"sceneViewState":{"showFog":true,"showMaterialUpdate":false,"showSkybox":false,"showFlares":true,"showImageEffects":true,"showParticleSystems":true,"showVisualEffectGraphs":true,"m_FxEnabled":true},"in2DMode":false,"pivot":{"x":-0.34148216247558596,"y":0.9924230575561523,"z":-0.037999868392944339},"rotation":{"x":-0.34362924098968508,"y":0.2673012912273407,"z":-0.10150302946567536,"w":-0.8949344754219055},"size":2.2274060249328615,"orthographic":false}