{"cameraMode":{"drawMode":0,"name":"Shaded","section":"Shading Mode"},"sceneLighting":true,"audioPlay":false,"sceneViewState":{"showFog":true,"showMaterialUpdate":false,"showSkybox":true,"showFlares":true,"showImageEffects":true,"showParticleSystems":true,"showVisualEffectGraphs":true,"m_FxEnabled":true},"in2DMode":false,"pivot":{"x":3.0669405460357668,"y":1.8949534893035889,"z":-2.283893585205078},"rotation":{"x":-0.09715059399604798,"y":0.46609729528427126,"z":-0.050798460841178897,"w":-0.8783034682273865},"size":6.363016605377197,"orthographic":false}