{"cameraMode":{"drawMode":0,"name":"Shaded","section":"Shading Mode"},"sceneLighting":false,"audioPlay":false,"sceneViewState":{"showFog":true,"showMaterialUpdate":false,"showSkybox":false,"showFlares":true,"showImageEffects":true,"showParticleSystems":true,"showVisualEffectGraphs":true,"m_FxEnabled":true},"in2DMode":false,"pivot":{"x":0.4532054662704468,"y":0.02579319477081299,"z":0.07786893844604492},"rotation":{"x":-0.2183171510696411,"y":0.14192365109920503,"z":-0.031379349529743198,"w":-0.965346097946167},"size":2.891692638397217,"orthographic":false}