{"cameraMode":{"drawMode":0,"name":"Shaded","section":"Shading Mode"},"sceneLighting":false,"audioPlay":false,"sceneViewState":{"showFog":true,"showMaterialUpdate":false,"showSkybox":false,"showFlares":true,"showImageEffects":true,"showParticleSystems":true,"showVisualEffectGraphs":true,"m_FxEnabled":true},"in2DMode":false,"pivot":{"x":0.5911532044410706,"y":0.39275550842285159,"z":0.5800055265426636},"rotation":{"x":-0.11181242763996124,"y":0.6932360529899597,"z":-0.10840645432472229,"w":-0.7042112350463867},"size":0.17451626062393189,"orthographic":false}