{"cameraMode":{"drawMode":0,"name":"Shaded","section":"Shading Mode"},"sceneLighting":false,"audioPlay":false,"sceneViewState":{"showFog":true,"showMaterialUpdate":false,"showSkybox":false,"showFlares":true,"showImageEffects":true,"showParticleSystems":true,"showVisualEffectGraphs":true,"m_FxEnabled":true},"in2DMode":false,"pivot":{"x":-0.3354237675666809,"y":-0.08581972122192383,"z":0.1638353168964386},"rotation":{"x":0.2272852063179016,"y":-0.7609279751777649,"z":0.5023701190948486,"w":0.34297052025794985},"size":0.8188430666923523,"orthographic":false}