{"cameraMode":{"drawMode":0,"name":"Shaded","section":"Shading Mode"},"sceneLighting":false,"audioPlay":false,"sceneViewState":{"showFog":true,"showMaterialUpdate":false,"showSkybox":false,"showFlares":true,"showImageEffects":true,"showParticleSystems":true,"showVisualEffectGraphs":true,"m_FxEnabled":true},"in2DMode":false,"pivot":{"x":0.2160421907901764,"y":-0.09421706199645996,"z":0.005276679992675781},"rotation":{"x":0.19322369992733003,"y":-0.7494916915893555,"z":0.5835997462272644,"w":0.24701544642448426},"size":1.4188430309295655,"orthographic":false}