{"cameraMode":{"drawMode":0,"name":"Shaded","section":"Shading Mode"},"sceneLighting":false,"audioPlay":false,"sceneViewState":{"showFog":true,"showMaterialUpdate":false,"showSkybox":false,"showFlares":true,"showImageEffects":true,"showParticleSystems":true,"showVisualEffectGraphs":true,"m_FxEnabled":true},"in2DMode":false,"pivot":{"x":-0.03072941303253174,"y":-0.05805164575576782,"z":1.2494635581970215},"rotation":{"x":0.23335810005664826,"y":-0.6454429626464844,"z":0.21505112946033479,"w":0.6952324509620667},"size":2.9534149169921877,"orthographic":false}